﻿<?xml version="1.0" encoding="utf-8"?>
<publishData>
  <publishProfile publishUrl="\\10.1.4.35\Proyectos\CGESTION" deleteExistingFiles="True" ftpAnonymousLogin="False" ftpPassiveMode="True" msdeploySite="" msdeploySiteID="" msdeployRemoteSitePhysicalPath="" msdeployAllowUntrustedCertificate="False" msdeploySkipExtraFilesOnServer="True" msdeployMarkAsApp="False" profileName="Perfil1" publishMethod="FileSystem" replaceMatchingFiles="False" userName="" savePWD="False" userPWD="" SelectedForPublish="True">
    <file relUrl="JScripts/jquery.easing.1.3.js" publishTime="06/09/2013 02:25:59" />
    <file relUrl="Imagenes/PostVta/Tagle.jpg" publishTime="06/08/2013 00:02:58" />
    <file relUrl="Ejemplos/Slider/Imgs/reflection.jpg" publishTime="06/08/2013 01:01:16" />
    <file relUrl="Ejemplos/Slider/Imgs/default.png" publishTime="06/08/2013 01:01:17" />
    <file relUrl="PagEnc/Menu.files/style.css" publishTime="12/24/2012 08:38:19" />
    <file relUrl="Imagenes/Banners/B02im2.jpg" publishTime="06/28/2013 11:39:04" />
    <file relUrl="Ejemplos/Slider/Imgs/button-bg.png" publishTime="06/08/2013 01:01:17" />
    <file relUrl="Banners/BannerPrueba.aspx" publishTime="06/08/2013 17:38:33" />
    <file relUrl="PostVenta/TallerR_LP.aspx" publishTime="07/20/2013 10:33:13" />
    <file relUrl="Ejemplos/Slider/Imgs/im3.jpg" publishTime="06/08/2013 00:58:09" />
    <file relUrl="Imagenes/PostVta/TurnosTalleCba.jpg" publishTime="07/24/2013 18:35:50" />
    <file relUrl="PagEnc/Menu.js" publishTime="11/06/2013 07:14:27" />
    <file relUrl="Imagenes/MenuImg/back.gif" publishTime="04/03/2012 23:52:19" />
    <file relUrl="Ejemplos/Slider/Imgs/bg-slideshow.jpg" publishTime="06/08/2013 01:01:17" />
    <file relUrl="Imagenes/MenuImg/btn5_blueWit1SBC.gif" publishTime="04/04/2012 00:01:41" />
    <file relUrl="PVCtaCtes/PVCCDet.aspx" publishTime="01/23/2015 12:19:05" />
    <file relUrl="WebForm2.aspx" publishTime="11/12/2014 18:27:52" />
    <file relUrl="Imagenes/Banners/BanCtrl/CtrlBtBco.jpg" publishTime="06/10/2013 12:46:08" />
    <file relUrl="Ejemplos/Slider/Slider.aspx" publishTime="06/08/2013 17:13:23" />
    <file relUrl="Imagenes/Banners/B02im3.jpg" publishTime="06/28/2013 11:39:28" />
    <file relUrl="Site.Master" publishTime="09/07/2015 14:25:16" />
    <file relUrl="Imagenes/MenuImg/arrowsub.gif" publishTime="04/04/2012 00:03:58" />
    <file relUrl="Imagenes/PostVta/RepTitcampana.gif" publishTime="12/29/2012 20:39:23" />
    <file relUrl="ConzcTagle/NtraEmpresa.aspx" publishTime="09/10/2013 13:41:00" />
    <file relUrl="Imagenes/Varias/FlechaAdelante.png" publishTime="06/13/2015 17:38:56" />
    <file relUrl="Imagenes/Varias/PromesaCliTit.gif" publishTime="12/29/2012 14:47:36" />
    <file relUrl="PostVenta/TallerRenault.aspx" publishTime="07/24/2013 20:35:10" />
    <file relUrl="Imagenes/Varias/SsRelaCliente.jpg" publishTime="06/08/2013 00:22:58" />
    <file relUrl="Ejemplos/Slider/Imgs/bg-slice.jpg" publishTime="06/08/2013 01:01:17" />
    <file relUrl="Imagenes/PagGral/top.gif" publishTime="03/13/2013 17:58:21" />
    <file relUrl="bin/TPVTAWEB.pdb" publishTime="07/11/2016 13:23:46" />
    <file relUrl="JScripts/TableSortUS.js" publishTime="06/28/2013 22:50:25" />
    <file relUrl="Imagenes/MenuImg/btn_back_1.gif" publishTime="12/14/2012 17:54:41" />
    <file relUrl="Imagenes/Varias/TitConozcaTagle.gif" publishTime="12/29/2012 19:40:40" />
    <file relUrl="Ejemplos/EjeImg/Tbl01_bg_header.jpg" publishTime="01/31/2013 11:39:16" />
    <file relUrl="PostVenta/PlanMant.aspx" publishTime="07/24/2013 20:39:08" />
    <file relUrl="Ejemplos/WebForm3.aspx" publishTime="02/12/2015 12:29:50" />
    <file relUrl="Styles/JWslider.css" publishTime="06/28/2013 11:43:14" />
    <file relUrl="JScripts/jquery.JWslider.js" publishTime="06/28/2013 11:44:58" />
    <file relUrl="Imagenes/Banners/B01im3.jpg" publishTime="06/10/2013 08:04:41" />
    <file relUrl="Ejemplos/Slider/Imgs/control-bg.png" publishTime="06/08/2013 01:01:17" />
    <file relUrl="PagEnc/Menu.files/dmenu_search.js" publishTime="12/24/2012 08:38:19" />
    <file relUrl="Ejemplos/Slider/Imgs/active.png" publishTime="06/08/2013 01:01:17" />
    <file relUrl="Imagenes/Banners/BanCtrl/control-bg.png" publishTime="06/10/2013 08:04:15" />
    <file relUrl="PostVenta/TallerChapayPint.aspx" publishTime="07/20/2013 10:33:05" />
    <file relUrl="Account/Web.config" publishTime="06/10/2016 14:34:08" />
    <file relUrl="Imagenes/MenuImg/arrowmaino.gif" publishTime="04/03/2012 23:54:18" />
    <file relUrl="Ejemplos/SorTable.aspx" publishTime="06/13/2015 17:19:35" />
    <file relUrl="PVReptos/REPSTK.aspx" publishTime="06/17/2013 16:50:37" />
    <file relUrl="JScripts/Quicksand_Book_400.font.js" publishTime="06/09/2013 02:26:43" />
    <file relUrl="Imagenes/Tablas/sort arrow-down.gif" publishTime="05/06/2013 19:00:39" />
    <file relUrl="Global.asax" publishTime="03/31/2012 09:12:30" />
    <file relUrl="Ejemplos/Slider/Imgs/im2.jpg" publishTime="06/08/2013 00:58:09" />
    <file relUrl="Imagenes/Banners/B01im4.jpg" publishTime="06/10/2013 08:04:42" />
    <file relUrl="PagEnc/Menu.files/dmenu.js" publishTime="07/21/2013 03:39:59" />
    <file relUrl="Account/Login.aspx" publishTime="02/12/2015 12:08:30" />
    <file relUrl="PagEnc/PagEnc.ascx" publishTime="07/21/2013 02:26:17" />
    <file relUrl="Styles/Borrar.css" publishTime="12/14/2012 14:48:36" />
    <file relUrl="Imagenes/MenuImg/btn5_blueWit3.gif" publishTime="04/03/2012 23:53:49" />
    <file relUrl="JScripts/JScriptVarios.js" publishTime="09/10/2013 09:10:38" />
    <file relUrl="Banners/Banner01.ascx" publishTime="06/10/2013 12:52:07" />
    <file relUrl="Web.config" publishTime="06/10/2016 14:34:07" />
    <file relUrl="Imagenes/MenuImg/arrowmain.gif" publishTime="04/04/2012 00:03:38" />
    <file relUrl="JScripts/JSAddEvent.js" publishTime="04/15/2012 01:46:45" />
    <file relUrl="Imagenes/Tablas/sort arrow-up.gif" publishTime="05/06/2013 19:00:39" />
    <file relUrl="Imagenes/Banners/B01im7.png" publishTime="06/10/2013 08:04:41" />
    <file relUrl="Imagenes/Banners/B01im5.jpg" publishTime="06/10/2013 08:04:42" />
    <file relUrl="ConzcTagle/ConozcaTagle.aspx" publishTime="07/25/2013 00:28:39" />
    <file relUrl="Imagenes/PagPie/TPVTAPIE.png" publishTime="03/31/2012 09:53:48" />
    <file relUrl="Imagenes/MenuImg/subrecuadro.png" publishTime="12/14/2012 18:32:48" />
    <file relUrl="Ejemplos/Slider/Imgs/im4.jpg" publishTime="06/08/2013 00:58:09" />
    <file relUrl="Imagenes/Banners/B01im2.jpg" publishTime="06/10/2013 08:04:41" />
    <file relUrl="Ejemplos/TbleEje01.aspx" publishTime="02/18/2013 01:46:04" />
    <file relUrl="Imagenes/PostVta/Motor.jpg" publishTime="12/29/2012 20:00:36" />
    <file relUrl="bin/TPVTAWEB.dll" publishTime="07/11/2016 13:23:46" />
    <file relUrl="Imagenes/Banners/BanCtrl/Ctrl_BotNar.jpg" publishTime="06/10/2013 12:45:37" />
    <file relUrl="PagPie/TermLegales.aspx" publishTime="12/29/2012 15:34:11" />
    <file relUrl="Imagenes/PostVta/TMSsTop.gif" publishTime="06/06/2013 23:09:46" />
    <file relUrl="PVCtaCtes/PVCCGen.aspx" publishTime="09/07/2015 14:26:00" />
    <file relUrl="Imagenes/PostVta/TurnosTalleRIV.jpg" publishTime="07/24/2013 18:36:30" />
    <file relUrl="Ejemplos/Tables.aspx" publishTime="07/25/2013 00:18:20" />
    <file relUrl="PostVenta/Repuestos.aspx" publishTime="07/20/2013 10:32:54" />
    <file relUrl="Imagenes/Banners/B01im1.jpg" publishTime="06/10/2013 08:04:41" />
    <file relUrl="Ejemplos/Slider/Imgs/im1.jpg" publishTime="06/08/2013 00:58:09" />
    <file relUrl="Default.aspx" publishTime="07/08/2016 13:29:02" />
    <file relUrl="Ejemplos/Slider/Imgs/im6.jpg" publishTime="06/08/2013 00:58:09" />
    <file relUrl="Imagenes/Banners/BanCtrl/bg-slideshow.jpg" publishTime="06/10/2013 08:04:15" />
    <file relUrl="ConzcTagle/SsRelacCliente.aspx" publishTime="06/08/2013 00:35:10" />
    <file relUrl="PVReptos/RepBusq.aspx" publishTime="03/01/2015 20:47:58" />
    <file relUrl="Imagenes/PostVta/TitPorque.gif" publishTime="12/29/2012 20:00:58" />
    <file relUrl="Scripts/jquery-1.4.1.js" publishTime="03/31/2012 09:12:30" />
    <file relUrl="JScripts/cufon-yui.js" publishTime="06/08/2013 17:47:34" />
    <file relUrl="Imagenes/Banners/B02im1.jpg" publishTime="06/28/2013 11:38:32" />
    <file relUrl="JScripts/jquery-1.4.2.min.js" publishTime="06/09/2013 02:25:25" />
    <file relUrl="Imagenes/Promos/BTALLER.jpg" publishTime="06/15/2013 17:40:21" />
    <file relUrl="Imagenes/PostVta/TitPlan.gif" publishTime="12/29/2012 20:09:06" />
    <file relUrl="PagEnc/Menu.files/dmenu_cf.js" publishTime="12/24/2012 08:38:19" />
    <file relUrl="Imagenes/Varias/laempresa.jpg" publishTime="06/08/2013 00:15:22" />
    <file relUrl="bin/TPVTAWEB.xml" publishTime="07/11/2016 13:23:46" />
    <file relUrl="Imagenes/Banners/BanCtrl/default.png" publishTime="06/10/2013 08:04:15" />
    <file relUrl="PagEnc/Menu.files/dmenu_key.js" publishTime="12/24/2012 08:38:19" />
    <file relUrl="Imagenes/PostVta/RepReparac.jpg" publishTime="12/29/2012 20:38:08" />
    <file relUrl="JScripts/TablesSort.js" publishTime="01/24/2015 17:46:23" />
    <file relUrl="About.aspx" publishTime="12/09/2012 19:03:11" />
    <file relUrl="PVCtaCtes/PVCCCEST.aspx" publishTime="04/30/2014 20:54:12" />
    <file relUrl="PagEnc/Menu.files/dmenu_popup.js" publishTime="12/24/2012 08:38:19" />
    <file relUrl="PagEnc/Menu.files/dmenu_dyn.js" publishTime="12/24/2012 08:38:19" />
    <file relUrl="Ejemplos/Content.aspx" publishTime="12/31/2012 17:42:51" />
    <file relUrl="Ejemplos/EjeImg/Tbl01_bullet1.gif" publishTime="01/31/2013 11:39:33" />
    <file relUrl="Account/ChangePassword.aspx" publishTime="03/31/2012 09:12:29" />
    <file relUrl="Scripts/jquery-1.4.1-vsdoc.js" publishTime="03/31/2012 09:12:30" />
    <file relUrl="Ejemplos/EjeImg/Tbl01_bullet2.gif" publishTime="01/31/2013 11:39:48" />
    <file relUrl="Styles/Tablas.css" publishTime="06/15/2016 16:35:15" />
    <file relUrl="PagEnc/Menu.files/dmenu_add.js" publishTime="12/24/2012 08:38:19" />
    <file relUrl="Imagenes/PostVta/RepTitulo.gif" publishTime="12/29/2012 20:36:55" />
    <file relUrl="Scripts/jquery-1.4.1.min.js" publishTime="03/31/2012 09:12:30" />
    <file relUrl="Imagenes/Banners/BanCtrl/bg-slice.jpg" publishTime="06/10/2013 08:04:15" />
    <file relUrl="Account/ChangePasswordSuccess.aspx" publishTime="03/31/2012 09:12:29" />
    <file relUrl="Imagenes/Banners/B01im6.jpg" publishTime="06/10/2013 08:04:42" />
    <file relUrl="Ejemplos/Slider/Imgs/im5.jpg" publishTime="06/08/2013 00:58:09" />
    <file relUrl="ConzcTagle/TagleHistoria.aspx" publishTime="12/29/2012 19:50:18" />
    <file relUrl="Imagenes/Promos/B2_1.jpg" publishTime="06/15/2013 17:36:48" />
    <file relUrl="Account/Register.aspx" publishTime="03/31/2012 09:12:29" />
    <file relUrl="Imagenes/Banners/BanCtrl/comment-bg.png" publishTime="06/10/2013 08:04:15" />
    <file relUrl="Imagenes/Tablas/sort arrow-none.gif" publishTime="05/06/2013 19:00:39" />
    <file relUrl="Imagenes/PostVta/TMBanerMaster.jpg" publishTime="06/07/2013 23:23:48" />
    <file relUrl="Pruebas.aspx" publishTime="08/05/2012 10:57:57" />
    <file relUrl="Imagenes/PostVta/RepTitlista.gif" publishTime="12/29/2012 20:40:09" />
    <file relUrl="Styles/Site.css" publishTime="07/11/2016 13:18:34" />
    <file relUrl="Imagenes/Varias/Tagleesquina.jpg" publishTime="12/29/2012 15:17:26" />
    <file relUrl="Ejemplos/TablaOrden.aspx" publishTime="02/11/2015 12:48:08" />
    <file relUrl="Ejemplos/WebForm1.aspx" publishTime="10/30/2012 19:47:34" />
    <file relUrl="Imagenes/Banners/B01Reflection.jpg" publishTime="06/10/2013 08:04:27" />
    <file relUrl="PagPie/PagPie.ascx" publishTime="12/24/2012 09:28:29" />
    <file relUrl="Imagenes/Varias/PromesaCli.gif" publishTime="12/29/2012 14:45:57" />
    <file relUrl="ConzcTagle/PromCliente.aspx" publishTime="12/29/2012 15:15:56" />
    <file relUrl="Imagenes/Banners/BanCtrl/active.png" publishTime="06/10/2013 08:04:15" />
    <file relUrl="Imagenes/PostVta/TCTitulo.jpg" publishTime="12/29/2012 20:30:03" />
    <file relUrl="Imagenes/MenuImg/arrowsubo.gif" publishTime="04/03/2012 23:54:36" />
    <file relUrl="Imagenes/Promos/BANNER20LANDING2logan.jpg" publishTime="06/15/2013 17:33:23" />
    <file relUrl="Ejemplos/Slider/Imgs/comment-bg.png" publishTime="06/08/2013 01:01:17" />
    <file relUrl="Imagenes/Varias/FlechaAtras.png" publishTime="06/13/2015 17:38:44" />
    <file relUrl="Imagenes/PostVta/TurnosOnLine.jpg" publishTime="07/24/2013 18:37:53" />
    <file relUrl="Imagenes/LogoJCPC.png" publishTime="04/03/2012 23:14:20" />
    <file relUrl="Ejemplos/Slider/Imgs/im7.png" publishTime="06/08/2013 13:00:51" />
    <file relUrl="Imagenes/MenuImg/SubRecuadEntero.png" publishTime="12/23/2012 19:17:01" />
    <file relUrl="Ejemplos/TbleEje01.css" publishTime="01/31/2013 11:44:56" />
    <file relUrl="Imagenes/Banners/BanCtrl/button-bg.png" publishTime="06/10/2013 08:04:15" />
    <file relUrl="PagEnc/Menu.files/dmenu_ajax.js" publishTime="12/24/2012 08:38:19" />
    <file relUrl="Imagenes/PostVta/LPRenault/TICONC201307JUL.jpg" publishTime="07/24/2013 20:53:47" />
    <file relUrl="Imagenes/PostVta/TCcesvi.jpg" publishTime="12/29/2012 20:25:58" />
  </publishProfile>
</publishData>